[
  {
    "id": "94821342-1b14-47c2-b371-0b9edd603069",
    "data": [
      {
        "text": "hehe",
        "userDefined": false
      }
    ],
    "isTemplate": false,
    "count": 0,
    "updated": 1527935579
  },
  {
    "id": "5bab4b0a-48e5-4ade-a288-9743a0d1151f",
    "data": [
      {
        "text": "wow",
        "userDefined": false
      }
    ],
    "isTemplate": false,
    "count": 0,
    "updated": 1527935579
  },
  {
    "id": "3acde4c2-c64c-447a-b784-f28f15471404",
    "data": [
      {
        "text": "ahah",
        "userDefined": false
      }
    ],
    "isTemplate": false,
    "count": 0,
    "updated": 1527935579
  },
  {
    "id": "7f1a9cdd-a52c-4a61-9467-99abc16b39c3",
    "data": [
      {
        "text": "heheh",
        "userDefined": false
      }
    ],
    "isTemplate": false,
    "count": 0,
    "updated": 1527935579
  },
  {
    "id": "02f0bbf4-6963-4f63-b0f7-73d877d1b792",
    "data": [
      {
        "text": "hahha",
        "userDefined": false
      }
    ],
    "isTemplate": false,
    "count": 0,
    "updated": 1527935579
  },
  {
    "id": "0ade5bb5-89cc-4d58-9d75-f4b4af5c34b7",
    "data": [
      {
        "text": "hoho",
        "userDefined": false
      }
    ],
    "isTemplate": false,
    "count": 0,
    "updated": 1527935579
  },
  {
    "id": "861d6771-6774-4a5a-af7c-c94b2ba35cf0",
    "data": [
      {
        "text": "lmao",
        "userDefined": false
      }
    ],
    "isTemplate": false,
    "count": 0,
    "updated": 1527935579
  },
  {
    "id": "fff552c1-7597-4be9-bcae-19636e746e29",
    "data": [
      {
        "text": "haha",
        "userDefined": false
      }
    ],
    "isTemplate": false,
    "count": 0,
    "updated": 1527935579
  }
]