[
  {
    "id": "722ed2ec-75cd-4361-a7fe-451729de7f1a",
    "data": [
      {
        "text": "catch you later",
        "userDefined": false
      }
    ],
    "isTemplate": false,
    "count": 0,
    "updated": 1528650240
  },
  {
    "id": "a0299129-e4ed-4b9d-85c0-de10f3f69b48",
    "data": [
      {
        "text": "see you later",
        "userDefined": false
      }
    ],
    "isTemplate": false,
    "count": 1,
    "updated": 1528650240
  },
  {
    "id": "153fe506-61a6-4152-9b91-1f9eb2563091",
    "data": [
      {
        "text": "by",
        "userDefined": false
      }
    ],
    "isTemplate": false,
    "count": 0,
    "updated": 1528650240
  },
  {
    "id": "50a1384d-2842-4e52-8af9-7ef1e4d52714",
    "data": [
      {
        "text": "bie",
        "userDefined": false
      }
    ],
    "isTemplate": false,
    "count": 0,
    "updated": 1528650240
  },
  {
    "id": "bd3b1e15-841e-40bc-bcb1-72a2fb1ace12",
    "data": [
      {
        "text": "buhbye",
        "userDefined": false
      }
    ],
    "isTemplate": false,
    "count": 0,
    "updated": 1528650240
  },
  {
    "id": "5ed57d47-57a1-4c08-9ac6-5f9006d21491",
    "data": [
      {
        "text": "bye",
        "userDefined": false
      }
    ],
    "isTemplate": false,
    "count": 0,
    "updated": 1528650240
  },
  {
    "id": "55faf59b-04c5-4b9c-8656-f10240b49f36",
    "data": [
      {
        "text": "noo",
        "userDefined": false
      }
    ],
    "isTemplate": false,
    "count": 0,
    "updated": 1528650240
  },
  {
    "id": "9d4e8a81-0903-4bdb-a2ab-3d1ca3934fba",
    "data": [
      {
        "text": "Nope",
        "userDefined": false
      }
    ],
    "isTemplate": false,
    "count": 0,
    "updated": 1528650240
  },
  {
    "id": "d6991d6b-cf70-4de6-8f27-407c0a40506d",
    "data": [
      {
        "text": "no can do",
        "userDefined": false
      }
    ],
    "isTemplate": false,
    "count": 0,
    "updated": 1528650240
  },
  {
    "id": "429fe506-4709-4314-ae5c-61073c360a8d",
    "data": [
      {
        "text": "No",
        "userDefined": false
      }
    ],
    "isTemplate": false,
    "count": 0,
    "updated": 1528650240
  },
  {
    "id": "e5b0b2b7-962b-4d92-9f3e-69caf16e8906",
    "data": [
      {
        "text": "naah",
        "userDefined": false
      }
    ],
    "isTemplate": false,
    "count": 0,
    "updated": 1528650240
  },
  {
    "id": "338cd729-b8d2-49fb-93be-6cf8b9addcb0",
    "data": [
      {
        "text": "never",
        "userDefined": false
      }
    ],
    "isTemplate": false,
    "count": 0,
    "updated": 1528650240
  }
]