[
  {
    "id": "e9fddca5-5ed1-47db-be62-bca8284a871b",
    "data": [
      {
        "text": "any",
        "meta": "@sys.ignore",
        "userDefined": false
      },
      {
        "text": " ",
        "userDefined": false
      },
      {
        "text": "good",
        "meta": "@sys.ignore",
        "userDefined": false
      },
      {
        "text": " pickup lines",
        "userDefined": false
      }
    ],
    "isTemplate": false,
    "count": 0,
    "updated": 1527500752
  },
  {
    "id": "ff755837-d609-4643-af27-e31e18318a86",
    "data": [
      {
        "text": "tell me some pickup lines",
        "userDefined": false
      }
    ],
    "isTemplate": false,
    "count": 0,
    "updated": 1527500752
  },
  {
    "id": "bb30c82b-0428-46ae-a91a-8c41a65de516",
    "data": [
      {
        "text": "let\u0027s hear pickup lines",
        "userDefined": false
      }
    ],
    "isTemplate": false,
    "count": 0,
    "updated": 1527500752
  },
  {
    "id": "95752f00-ca82-4e49-9a3c-ecb17c468838",
    "data": [
      {
        "text": "I want some pickup lines",
        "userDefined": false
      }
    ],
    "isTemplate": false,
    "count": 0,
    "updated": 1527500752
  },
  {
    "id": "dbf0bbbb-2a92-4f12-9700-31fa1644b095",
    "data": [
      {
        "text": "More of that",
        "userDefined": false
      }
    ],
    "isTemplate": false,
    "count": 0,
    "updated": 1527500752
  },
  {
    "id": "a6f35f70-c87d-4373-893e-b43bc6a794e5",
    "data": [
      {
        "text": "I want to hear a pickp line",
        "userDefined": false
      }
    ],
    "isTemplate": false,
    "count": 0,
    "updated": 1527500752
  },
  {
    "id": "a9895737-8537-48f2-8dcd-6d8d3c3f842f",
    "data": [
      {
        "text": "tell me a cheesy pickup line",
        "userDefined": false
      }
    ],
    "isTemplate": false,
    "count": 0,
    "updated": 1527500752
  },
  {
    "id": "0a898852-9806-4630-8e0e-c8f3c830d8a7",
    "data": [
      {
        "text": "more pickup lines",
        "userDefined": false
      }
    ],
    "isTemplate": false,
    "count": 0,
    "updated": 1527500752
  },
  {
    "id": "84b3a346-9130-4aad-9491-5fa60fb71f66",
    "data": [
      {
        "text": "I want a ",
        "userDefined": false
      },
      {
        "text": "funny",
        "meta": "@sys.ignore",
        "userDefined": true
      },
      {
        "text": " pickup line",
        "userDefined": false
      }
    ],
    "isTemplate": false,
    "count": 0,
    "updated": 1527500752
  },
  {
    "id": "254ee5e5-7b26-41f9-984d-033e06974bc2",
    "data": [
      {
        "text": "Some pickup line",
        "userDefined": false
      }
    ],
    "isTemplate": false,
    "count": 0,
    "updated": 1527500752
  },
  {
    "id": "b3e15bac-ab79-43d7-9e52-0026834b6eba",
    "data": [
      {
        "text": "tell",
        "meta": "@sys.ignore",
        "userDefined": false
      },
      {
        "text": " ",
        "userDefined": false
      },
      {
        "text": "me",
        "meta": "@sys.ignore",
        "userDefined": false
      },
      {
        "text": " a ",
        "userDefined": false
      },
      {
        "text": "funny",
        "meta": "@sys.ignore",
        "userDefined": true
      },
      {
        "text": " pickupline please",
        "userDefined": false
      }
    ],
    "isTemplate": false,
    "count": 0,
    "updated": 1527500752
  },
  {
    "id": "dbf1516f-ddbd-4201-a183-e891039cb466",
    "data": [
      {
        "text": "Next",
        "userDefined": false
      }
    ],
    "isTemplate": false,
    "count": 0,
    "updated": 1527500752
  },
  {
    "id": "9337ff66-9fe0-45b6-8061-c95ce50c039a",
    "data": [
      {
        "text": "whats a good pickup line",
        "userDefined": false
      }
    ],
    "isTemplate": false,
    "count": 0,
    "updated": 1527500752
  },
  {
    "id": "d6724ef0-acf8-4e53-a1f1-52aa44f00a59",
    "data": [
      {
        "text": "pickup line",
        "userDefined": false
      }
    ],
    "isTemplate": false,
    "count": 0,
    "updated": 1527500752
  },
  {
    "id": "1a8f36f7-9fba-4c7f-9455-23afc168b2c9",
    "data": [
      {
        "text": "pickup line please",
        "userDefined": false
      }
    ],
    "isTemplate": false,
    "count": 0,
    "updated": 1527500752
  },
  {
    "id": "25661f0f-6750-4822-a733-1d5834ba0ee9",
    "data": [
      {
        "text": "do you know any pickup line?",
        "userDefined": false
      }
    ],
    "isTemplate": false,
    "count": 0,
    "updated": 1527500752
  },
  {
    "id": "2cfe92a2-22a9-4516-acf6-4ae07f6dcdc6",
    "data": [
      {
        "text": "tell me the ",
        "userDefined": false
      },
      {
        "text": "best",
        "meta": "@sys.ignore",
        "userDefined": true
      },
      {
        "text": " pickup line ever",
        "userDefined": false
      }
    ],
    "isTemplate": false,
    "count": 0,
    "updated": 1527500752
  },
  {
    "id": "433ebba9-723a-444f-9d33-3dd510b84b27",
    "data": [
      {
        "text": "another one",
        "userDefined": false
      }
    ],
    "isTemplate": false,
    "count": 0,
    "updated": 1527500752
  },
  {
    "id": "cdfc78e0-13f6-44e0-aa10-224ce8b65682",
    "data": [
      {
        "text": "pickup line?",
        "userDefined": false
      }
    ],
    "isTemplate": false,
    "count": 0,
    "updated": 1527500752
  },
  {
    "id": "12f22b17-ab11-4cc7-b486-cc694e82815f",
    "data": [
      {
        "text": "random pickup lines",
        "userDefined": false
      }
    ],
    "isTemplate": false,
    "count": 0,
    "updated": 1527500752
  },
  {
    "id": "17914f9d-89ff-4036-832f-b985e9563593",
    "data": [
      {
        "text": "tell me a ",
        "userDefined": false
      },
      {
        "text": "nice",
        "meta": "@sys.ignore",
        "userDefined": true
      },
      {
        "text": " pickup line",
        "userDefined": false
      }
    ],
    "isTemplate": false,
    "count": 0,
    "updated": 1527500752
  },
  {
    "id": "5d048082-2f8a-4e26-97ce-7bf54a044c75",
    "data": [
      {
        "text": "tell me a good pickup line",
        "userDefined": false
      }
    ],
    "isTemplate": false,
    "count": 0,
    "updated": 1527500752
  },
  {
    "id": "a2d1493c-dc67-46cb-bed4-32e10cb28901",
    "data": [
      {
        "text": "tell",
        "meta": "@sys.ignore",
        "userDefined": false
      },
      {
        "text": " ",
        "userDefined": false
      },
      {
        "text": "me",
        "meta": "@sys.ignore",
        "userDefined": false
      },
      {
        "text": " a pickup line",
        "userDefined": false
      }
    ],
    "isTemplate": false,
    "count": 0,
    "updated": 1527500752
  },
  {
    "id": "f5091704-649f-47cd-a810-6b50929e7adf",
    "data": [
      {
        "text": "some pickup lines",
        "userDefined": false
      }
    ],
    "isTemplate": false,
    "count": 0,
    "updated": 1527500752
  },
  {
    "id": "123e476b-e253-47d5-8f6f-4fba17e768d5",
    "data": [
      {
        "text": "tell a pickup line",
        "userDefined": false
      }
    ],
    "isTemplate": false,
    "count": 1,
    "updated": 1527500752
  },
  {
    "id": "c8c930a2-7639-414c-aad6-9ec50c9c2b63",
    "data": [
      {
        "text": "tell me ",
        "userDefined": false
      },
      {
        "text": "your",
        "meta": "@sys.ignore",
        "userDefined": true
      },
      {
        "text": " ",
        "userDefined": false
      },
      {
        "text": "funniest",
        "meta": "@sys.ignore",
        "userDefined": true
      },
      {
        "text": " pickup lines",
        "userDefined": false
      }
    ],
    "isTemplate": false,
    "count": 0,
    "updated": 1527500752
  },
  {
    "id": "7abed798-bc97-4401-9ec6-5e8aba72da30",
    "data": [
      {
        "text": "can you tell me a pickup line please",
        "userDefined": false
      }
    ],
    "isTemplate": false,
    "count": 0,
    "updated": 1527500752
  },
  {
    "id": "68fb8f33-2c9c-4645-9c90-5963e7c7fe95",
    "data": [
      {
        "text": "tell me a great pickup line",
        "userDefined": false
      }
    ],
    "isTemplate": false,
    "count": 1,
    "updated": 1527500752
  },
  {
    "id": "7b0fd8c0-2fd6-4c3d-af31-52d868f70be2",
    "data": [
      {
        "text": "can you tell great pickup line",
        "userDefined": false
      }
    ],
    "isTemplate": false,
    "count": 0,
    "updated": 1527500752
  },
  {
    "id": "cefa78f0-5b53-416a-b105-d97cbf8c4bf4",
    "data": [
      {
        "text": "give",
        "meta": "@sys.ignore",
        "userDefined": true
      },
      {
        "text": " me a pickup line",
        "userDefined": false
      }
    ],
    "isTemplate": false,
    "count": 0,
    "updated": 1527500752
  },
  {
    "id": "84f1f19c-c151-4142-be31-62552ae2cab6",
    "data": [
      {
        "text": "I want a pickup line",
        "userDefined": false
      }
    ],
    "isTemplate": false,
    "count": 0,
    "updated": 1527500752
  },
  {
    "id": "e0d2f7c2-b9ac-4523-8e9d-3441a345833a",
    "data": [
      {
        "text": "one more",
        "userDefined": false
      }
    ],
    "isTemplate": false,
    "count": 0,
    "updated": 1527500752
  },
  {
    "id": "96dac9fb-a302-4adc-b113-57de633dd218",
    "data": [
      {
        "text": "can you give a good pickup line",
        "userDefined": false
      }
    ],
    "isTemplate": false,
    "count": 0,
    "updated": 1527500752
  },
  {
    "id": "4ea8b2d5-62e4-43c2-8dae-95761b1a8cfe",
    "data": [
      {
        "text": "more",
        "userDefined": false
      }
    ],
    "isTemplate": false,
    "count": 0,
    "updated": 1527500752
  },
  {
    "id": "90330011-402c-4715-9538-0aeeda000ae1",
    "data": [
      {
        "text": "Tell me a good pickup line for a girl",
        "userDefined": false
      }
    ],
    "isTemplate": false,
    "count": 0,
    "updated": 1527500752
  },
  {
    "id": "17c6f83e-7e2f-42a1-b5e6-edeb194228f8",
    "data": [
      {
        "text": "tell me a ",
        "userDefined": false
      },
      {
        "text": "funny",
        "meta": "@sys.ignore",
        "userDefined": true
      },
      {
        "text": " pickup line",
        "userDefined": false
      }
    ],
    "isTemplate": false,
    "count": 1,
    "updated": 1527500752
  },
  {
    "id": "effc84a0-1ee7-452e-a5d6-fcaade0279fb",
    "data": [
      {
        "text": "tell me a pickup line",
        "userDefined": false
      }
    ],
    "isTemplate": false,
    "count": 0,
    "updated": 1527500752
  },
  {
    "id": "5aa04491-4fb9-46da-a2e8-095c570ac4cc",
    "data": [
      {
        "text": "tell me a pickup line please",
        "userDefined": false
      }
    ],
    "isTemplate": false,
    "count": 0,
    "updated": 1527500752
  },
  {
    "id": "b26ab1c7-fa1e-469e-8aa7-bc047b4642e9",
    "data": [
      {
        "text": "can you tell me another pickup line?",
        "userDefined": false
      }
    ],
    "isTemplate": false,
    "count": 0,
    "updated": 1527500752
  },
  {
    "id": "78c8e883-177b-4ad9-9322-3e17c35ff51f",
    "data": [
      {
        "text": "do you have any pickup line?",
        "userDefined": false
      }
    ],
    "isTemplate": false,
    "count": 0,
    "updated": 1527500752
  }
]