[
  {
    "id": "df31fbe9-562a-409b-bec0-0c56ba73d022",
    "data": [
      {
        "text": "not good enough",
        "userDefined": false
      }
    ],
    "isTemplate": false,
    "count": 0,
    "updated": 1528387764
  },
  {
    "id": "c081dcfb-7167-4d84-858c-ffb74f8021ae",
    "data": [
      {
        "text": "bad",
        "userDefined": false
      }
    ],
    "isTemplate": false,
    "count": 0,
    "updated": 1528387764
  },
  {
    "id": "bf27fa28-72d1-40e2-8ecc-da9b6711c7a6",
    "data": [
      {
        "text": "bad ",
        "userDefined": false
      },
      {
        "text": "one",
        "alias": "number",
        "meta": "@sys.number",
        "userDefined": false
      }
    ],
    "isTemplate": false,
    "count": 2,
    "updated": 1528387764
  },
  {
    "id": "d280b0d7-6bbf-4f1d-93b7-d2b76338b964",
    "data": [
      {
        "text": "not good",
        "userDefined": false
      }
    ],
    "isTemplate": false,
    "count": 0,
    "updated": 1528387764
  },
  {
    "id": "2d455942-eb84-4097-acd8-d090474aa882",
    "data": [
      {
        "text": "it sucks",
        "userDefined": false
      }
    ],
    "isTemplate": false,
    "count": 2,
    "updated": 1528387764
  },
  {
    "id": "c8676839-81ba-47dc-92a5-f2ef257efe84",
    "data": [
      {
        "text": "stop your stupid pickup lines",
        "userDefined": false
      }
    ],
    "isTemplate": false,
    "count": 0,
    "updated": 1528387764
  },
  {
    "id": "acf23483-82fb-4456-b299-db912d42d2cd",
    "data": [
      {
        "text": "your pickup lines are not funny",
        "userDefined": false
      }
    ],
    "isTemplate": false,
    "count": 0,
    "updated": 1528387764
  },
  {
    "id": "961355a0-8645-45c0-a4e9-100bb328ee82",
    "data": [
      {
        "text": "stop",
        "userDefined": false
      }
    ],
    "isTemplate": false,
    "count": 0,
    "updated": 1528387764
  },
  {
    "id": "96a00d05-13ec-4887-866c-19fbae543ace",
    "data": [
      {
        "text": "that is not funny",
        "userDefined": false
      }
    ],
    "isTemplate": false,
    "count": 0,
    "updated": 1528387764
  },
  {
    "id": "4064a305-71de-4c3d-b252-0a23ec64dc8d",
    "data": [
      {
        "text": "it\u0027s a bad pickup line",
        "userDefined": false
      }
    ],
    "isTemplate": false,
    "count": 0,
    "updated": 1528387764
  },
  {
    "id": "3a887b43-88ff-4571-98bb-e6f883b5bc14",
    "data": [
      {
        "text": "it was a stupid pickup line",
        "userDefined": false
      }
    ],
    "isTemplate": false,
    "count": 0,
    "updated": 1528387764
  },
  {
    "id": "7a636a50-d725-48c2-902f-30e366526304",
    "data": [
      {
        "text": "I didn\u0027t like that pickup line",
        "userDefined": false
      }
    ],
    "isTemplate": false,
    "count": 0,
    "updated": 1528387764
  },
  {
    "id": "77c89eb7-6b73-4d94-91b5-57fed37d66f4",
    "data": [
      {
        "text": "you have no sense of humor",
        "userDefined": false
      }
    ],
    "isTemplate": false,
    "count": 0,
    "updated": 1528387764
  },
  {
    "id": "90844248-53f9-42ab-8bae-813d5950b544",
    "data": [
      {
        "text": "no",
        "userDefined": false
      }
    ],
    "isTemplate": false,
    "count": 0,
    "updated": 1528387764
  },
  {
    "id": "0e9fde46-3b42-4c27-a85c-084569b12d4a",
    "data": [
      {
        "text": "not funny at all",
        "userDefined": false
      }
    ],
    "isTemplate": false,
    "count": 0,
    "updated": 1528387764
  },
  {
    "id": "74791fad-948c-4f5c-9e9d-838cd0245dad",
    "data": [
      {
        "text": "i didn\u0027t like this pickup line",
        "userDefined": false
      }
    ],
    "isTemplate": false,
    "count": 0,
    "updated": 1528387764
  },
  {
    "id": "51608ba8-7316-4499-839e-d62afc1354a4",
    "data": [
      {
        "text": "I wish you had a sense of humor",
        "userDefined": false
      }
    ],
    "isTemplate": false,
    "count": 0,
    "updated": 1528387764
  },
  {
    "id": "04538734-afec-4aa2-a26e-164cc339e055",
    "data": [
      {
        "text": "you\u0027ve lost your sense of humor",
        "userDefined": false
      }
    ],
    "isTemplate": false,
    "count": 0,
    "updated": 1528387764
  },
  {
    "id": "e693f8d3-4412-4dd2-b551-79a3cd15d641",
    "data": [
      {
        "text": "your pickup line don\u0027t make me laugh",
        "userDefined": false
      }
    ],
    "isTemplate": false,
    "count": 0,
    "updated": 1528387764
  },
  {
    "id": "c31e9e7f-44df-48b1-a9ee-31f52ddd5f69",
    "data": [
      {
        "text": "stop it",
        "userDefined": false
      }
    ],
    "isTemplate": false,
    "count": 0,
    "updated": 1528387764
  },
  {
    "id": "84e5296e-dc62-4b2d-af72-8f7147cc7988",
    "data": [
      {
        "text": "not funny",
        "userDefined": false
      }
    ],
    "isTemplate": false,
    "count": 0,
    "updated": 1528387764
  },
  {
    "id": "666ba252-909d-4553-9435-9ddc64f8eae8",
    "data": [
      {
        "text": "I hate your pickup line",
        "userDefined": false
      }
    ],
    "isTemplate": false,
    "count": 0,
    "updated": 1528387764
  },
  {
    "id": "d4394d29-00c8-43bc-b0bf-6ea7e657b5cd",
    "data": [
      {
        "text": "Please improve your sense of humor",
        "userDefined": false
      }
    ],
    "isTemplate": false,
    "count": 0,
    "updated": 1528387764
  },
  {
    "id": "7f822511-4884-4c8b-ad1a-f8fa9f9a5ff4",
    "data": [
      {
        "text": "your pickup lines are awful",
        "userDefined": false
      }
    ],
    "isTemplate": false,
    "count": 0,
    "updated": 1528387764
  },
  {
    "id": "b8a672c4-c8c9-43f1-9cc0-1068d7aac5e2",
    "data": [
      {
        "text": "this is not funny",
        "userDefined": false
      }
    ],
    "isTemplate": false,
    "count": 0,
    "updated": 1528387764
  }
]