[
  {
    "id": "2aa35050-e772-4c76-a67b-2c94bd2294e8",
    "data": [
      {
        "text": "you are so witty",
        "userDefined": false
      }
    ],
    "isTemplate": false,
    "count": 0,
    "updated": 1525967228
  },
  {
    "id": "8ad971c4-16b6-4b42-97bb-74a4927f4411",
    "data": [
      {
        "text": "cool",
        "userDefined": false
      }
    ],
    "isTemplate": false,
    "count": 0,
    "updated": 1525967228
  },
  {
    "id": "afb19034-7a48-46e7-80e2-59091f060eb3",
    "data": [
      {
        "text": "you\u0027re funny",
        "userDefined": false
      }
    ],
    "isTemplate": false,
    "count": 0,
    "updated": 1525967228
  },
  {
    "id": "1fbda807-e585-468d-86c1-42b2891b0802",
    "data": [
      {
        "text": "lol",
        "userDefined": false
      }
    ],
    "isTemplate": false,
    "count": 0,
    "updated": 1525967228
  },
  {
    "id": "00389587-83d0-4487-b718-61bcf42c3581",
    "data": [
      {
        "text": "great pickup line",
        "userDefined": false
      }
    ],
    "isTemplate": false,
    "count": 0,
    "updated": 1525967228
  },
  {
    "id": "7b64a647-59f5-45e8-a1ba-4017045abaef",
    "data": [
      {
        "text": "funny",
        "userDefined": false
      }
    ],
    "isTemplate": false,
    "count": 0,
    "updated": 1525967228
  },
  {
    "id": "548a2f19-1679-4811-9501-af15668138e6",
    "data": [
      {
        "text": "i do like your pickup lines",
        "userDefined": false
      }
    ],
    "isTemplate": false,
    "count": 0,
    "updated": 1525967228
  },
  {
    "id": "d018cc8c-21d4-4353-899b-59e610e779e1",
    "data": [
      {
        "text": "rofl",
        "userDefined": false
      }
    ],
    "isTemplate": false,
    "count": 0,
    "updated": 1525967228
  },
  {
    "id": "8042673f-8f10-47b3-a1be-b0ca1dcab634",
    "data": [
      {
        "text": "good one",
        "userDefined": false
      }
    ],
    "isTemplate": false,
    "count": 0,
    "updated": 1525967228
  },
  {
    "id": "89958e75-277c-4612-b1b6-115ce7094799",
    "data": [
      {
        "text": "I like your sense of humor",
        "userDefined": false
      }
    ],
    "isTemplate": false,
    "count": 1,
    "updated": 1525967228
  },
  {
    "id": "a3fab270-ef0a-488b-b989-6dee00b36c03",
    "data": [
      {
        "text": "your are good at this",
        "userDefined": false
      }
    ],
    "isTemplate": false,
    "count": 0,
    "updated": 1525967228
  },
  {
    "id": "5e1c7750-0c38-4c51-abe2-9198cf1d282f",
    "data": [
      {
        "text": "you have such a good sense of humor",
        "userDefined": false
      }
    ],
    "isTemplate": false,
    "count": 1,
    "updated": 1525967228
  },
  {
    "id": "c7b7c0f9-61fd-47e1-8fa1-191648c81e57",
    "data": [
      {
        "text": "ahha",
        "userDefined": false
      }
    ],
    "isTemplate": false,
    "count": 0,
    "updated": 1525967228
  },
  {
    "id": "d71e86d7-5df6-4d81-9747-44f03f5fe80a",
    "data": [
      {
        "text": "nice one",
        "userDefined": false
      }
    ],
    "isTemplate": false,
    "count": 0,
    "updated": 1525967228
  },
  {
    "id": "78f1fb4d-b18c-4160-b601-80bc405d73ef",
    "data": [
      {
        "text": "I do appreciate your sense of humor",
        "userDefined": false
      }
    ],
    "isTemplate": false,
    "count": 0,
    "updated": 1525967228
  },
  {
    "id": "5713ad58-6c7f-459d-bc04-7c03f97d3e40",
    "data": [
      {
        "text": "so funny",
        "userDefined": false
      }
    ],
    "isTemplate": false,
    "count": 0,
    "updated": 1525967228
  },
  {
    "id": "d4a84760-5b07-4b2d-9210-850541d23eef",
    "data": [
      {
        "text": "hahaha",
        "userDefined": false
      }
    ],
    "isTemplate": false,
    "count": 0,
    "updated": 1525967228
  },
  {
    "id": "61bc2099-682f-4650-a75b-38006da20e1a",
    "data": [
      {
        "text": "i like this ",
        "userDefined": false
      },
      {
        "text": "one",
        "meta": "@sys.ignore",
        "userDefined": false
      }
    ],
    "isTemplate": false,
    "count": 0,
    "updated": 1525967228
  },
  {
    "id": "b2ba421c-ab26-47a2-ad73-a46d56f44247",
    "data": [
      {
        "text": "I loved that pickup line",
        "userDefined": false
      }
    ],
    "isTemplate": false,
    "count": 1,
    "updated": 1525967228
  },
  {
    "id": "3c08a035-bdd2-4441-ab32-210b317fcc54",
    "data": [
      {
        "text": "hahah lol",
        "userDefined": false
      }
    ],
    "isTemplate": false,
    "count": 0,
    "updated": 1525967228
  },
  {
    "id": "a3f3e219-bdd0-4138-88de-102456175f53",
    "data": [
      {
        "text": "your are good with this",
        "userDefined": false
      }
    ],
    "isTemplate": false,
    "count": 0,
    "updated": 1525967228
  },
  {
    "id": "9c839fa4-2c9f-4c16-ba92-e8ed15795892",
    "data": [
      {
        "text": "nice",
        "meta": "@sys.ignore",
        "userDefined": false
      },
      {
        "text": " pickup line I like it",
        "userDefined": false
      }
    ],
    "isTemplate": false,
    "count": 0,
    "updated": 1525967228
  },
  {
    "id": "6bf846f2-9776-42c2-be66-4c40d633648e",
    "data": [
      {
        "text": "nice pickup line",
        "userDefined": false
      }
    ],
    "isTemplate": false,
    "count": 1,
    "updated": 1525967228
  },
  {
    "id": "34cb238d-a80e-423a-8330-296e68e96259",
    "data": [
      {
        "text": "you are so funny",
        "userDefined": false
      }
    ],
    "isTemplate": false,
    "count": 0,
    "updated": 1525967228
  },
  {
    "id": "606efd77-269d-4a6d-b7dd-860295845f2a",
    "data": [
      {
        "text": "I love your pickup line",
        "userDefined": false
      }
    ],
    "isTemplate": false,
    "count": 1,
    "updated": 1525967228
  },
  {
    "id": "5f7eb861-2dc5-4245-8889-3638538f3acb",
    "data": [
      {
        "text": "haha you have a good sense of humor",
        "userDefined": false
      }
    ],
    "isTemplate": false,
    "count": 1,
    "updated": 1525967228
  },
  {
    "id": "5f3c7545-bb4f-4c44-a749-82e1caaa60d3",
    "data": [
      {
        "text": "I love your pickup lines",
        "userDefined": false
      }
    ],
    "isTemplate": false,
    "count": 0,
    "updated": 1525967228
  },
  {
    "id": "c2ea34b2-005c-4eda-9e58-dabacf7f9d63",
    "data": [
      {
        "text": "hilarious",
        "userDefined": false
      }
    ],
    "isTemplate": false,
    "count": 0,
    "updated": 1525967228
  }
]