[
  {
    "id": "b6c66db4-51a0-45b8-bf63-fd64500d4b58",
    "data": [
      {
        "text": "awesome",
        "userDefined": false
      }
    ],
    "isTemplate": false,
    "count": 0,
    "updated": 1528380685
  },
  {
    "id": "9650fd8e-7801-4d04-8c8c-6b1a2c8ce733",
    "data": [
      {
        "text": "sweet",
        "userDefined": false
      }
    ],
    "isTemplate": false,
    "count": 0,
    "updated": 1528380685
  },
  {
    "id": "eaf76410-83f0-497b-84e3-47c1bcebdf3e",
    "data": [
      {
        "text": "not bad",
        "userDefined": false
      }
    ],
    "isTemplate": false,
    "count": 0,
    "updated": 1528380685
  },
  {
    "id": "6cef01ca-28b0-491f-9f2b-0190138cda1f",
    "data": [
      {
        "text": "nice",
        "userDefined": false
      }
    ],
    "isTemplate": false,
    "count": 0,
    "updated": 1528380685
  },
  {
    "id": "81846bd7-26b1-4825-86e4-4e9d6026c271",
    "data": [
      {
        "text": "great",
        "userDefined": false
      }
    ],
    "isTemplate": false,
    "count": 0,
    "updated": 1528380685
  },
  {
    "id": "0bd2e4a4-9798-4ab2-afba-658022402433",
    "data": [
      {
        "text": "good",
        "userDefined": false
      }
    ],
    "isTemplate": false,
    "count": 0,
    "updated": 1528380685
  },
  {
    "id": "cd1d0466-49c0-45f1-aafc-7dce23d83eb4",
    "data": [
      {
        "text": "that\u0027s a good one",
        "userDefined": false
      }
    ],
    "isTemplate": false,
    "count": 0,
    "updated": 1528380685
  },
  {
    "id": "2abc3625-37c8-4445-96d9-357c3ba9a99b",
    "data": [
      {
        "text": "neat",
        "userDefined": false
      }
    ],
    "isTemplate": false,
    "count": 0,
    "updated": 1528380685
  },
  {
    "id": "e705ba8a-6b5a-4d07-860f-7b5cf30319eb",
    "data": [
      {
        "text": "cool",
        "userDefined": false
      }
    ],
    "isTemplate": false,
    "count": 0,
    "updated": 1528380685
  },
  {
    "id": "8adac5da-c4fc-49de-a8f6-4f829303fc39",
    "data": [
      {
        "text": "cool ",
        "userDefined": false
      },
      {
        "text": "one",
        "alias": "number",
        "meta": "@sys.number",
        "userDefined": false
      }
    ],
    "isTemplate": false,
    "count": 1,
    "updated": 1528380685
  }
]