[
  {
    "id": "9120375b-2c28-4e42-a189-9fca24dcced5",
    "data": [
      {
        "text": "wassup",
        "userDefined": false
      }
    ],
    "isTemplate": false,
    "count": 0,
    "updated": 1526829277
  },
  {
    "id": "b3afaab8-5478-4756-b9bf-df90d97c72a2",
    "data": [
      {
        "text": "hi there",
        "userDefined": false
      }
    ],
    "isTemplate": false,
    "count": 1,
    "updated": 1526829277
  },
  {
    "id": "2c937f8b-343c-491c-851e-1f4742df1ffa",
    "data": [
      {
        "text": "hey",
        "userDefined": false
      }
    ],
    "isTemplate": false,
    "count": 0,
    "updated": 1526829277
  },
  {
    "id": "5860625c-eebb-47ca-aaeb-03d23164b49c",
    "data": [
      {
        "text": "yo",
        "userDefined": false
      }
    ],
    "isTemplate": false,
    "count": 0,
    "updated": 1526829277
  },
  {
    "id": "c82b99a8-2e51-43c3-8fc9-eab1150773d5",
    "data": [
      {
        "text": "hii",
        "userDefined": false
      }
    ],
    "isTemplate": false,
    "count": 0,
    "updated": 1527500457
  },
  {
    "id": "dbbbac54-40e6-4139-a236-5f25bd79a55b",
    "data": [
      {
        "text": "hiii",
        "userDefined": false
      }
    ],
    "isTemplate": false,
    "count": 0,
    "updated": 1527500457
  },
  {
    "id": "f40f3fdf-63ed-4da5-9c1d-5d2f14c17d38",
    "data": [
      {
        "text": "hello",
        "userDefined": false
      }
    ],
    "isTemplate": false,
    "count": 0,
    "updated": 1526829277
  },
  {
    "id": "da402b34-7103-4c88-8276-c53592dda5a0",
    "data": [
      {
        "text": "hi",
        "userDefined": false
      }
    ],
    "isTemplate": false,
    "count": 0,
    "updated": 1526829277
  }
]