[
  {
    "id": "2e5e8aae-81ae-44c1-ba0e-cdd10a115f5b",
    "data": [
      {
        "text": "what you do",
        "userDefined": false
      }
    ],
    "isTemplate": false,
    "count": 0,
    "updated": 1527933861
  },
  {
    "id": "b533c71c-a513-424b-81af-c883ec33c670",
    "data": [
      {
        "text": "what can you do",
        "userDefined": false
      }
    ],
    "isTemplate": false,
    "count": 0,
    "updated": 1527933861
  },
  {
    "id": "c227802e-454e-4933-af1a-03cc90d247ce",
    "data": [
      {
        "text": "what can you do?",
        "userDefined": false
      }
    ],
    "isTemplate": false,
    "count": 0,
    "updated": 1527933861
  },
  {
    "id": "786b5cf2-4311-4b00-a530-a9449b2ce1a7",
    "data": [
      {
        "text": "tell me what you can do for me",
        "userDefined": false
      }
    ],
    "isTemplate": false,
    "count": 0,
    "updated": 1527933861
  },
  {
    "id": "cd05be70-d97d-4e2b-aeaf-b5fdab501622",
    "data": [
      {
        "text": "tell me what can you do",
        "userDefined": false
      }
    ],
    "isTemplate": false,
    "count": 0,
    "updated": 1527933861
  }
]