[
  {
    "id": "131e3f75-a2d4-4e98-a507-cca310ee1a47",
    "data": [
      {
        "text": "okey",
        "userDefined": false
      }
    ],
    "isTemplate": false,
    "count": 0,
    "updated": 1528386869
  },
  {
    "id": "5faa1816-2d1e-4217-b836-46334cd48cda",
    "data": [
      {
        "text": "okie",
        "userDefined": false
      }
    ],
    "isTemplate": false,
    "count": 1,
    "updated": 1528386869
  },
  {
    "id": "690914d2-6cfb-437e-9ac2-e53cdc4fbac6",
    "data": [
      {
        "text": "okay",
        "userDefined": false
      }
    ],
    "isTemplate": false,
    "count": 0,
    "updated": 1528386869
  },
  {
    "id": "cbe85c25-a0ae-4fd3-82d6-eabdf776d9c8",
    "data": [
      {
        "text": "ok",
        "userDefined": false
      }
    ],
    "isTemplate": false,
    "count": 0,
    "updated": 1528386869
  },
  {
    "id": "7cfc7a3a-7543-4737-8b0c-2c9820205a65",
    "data": [
      {
        "text": "ready",
        "userDefined": false
      }
    ],
    "isTemplate": false,
    "count": 0,
    "updated": 1528386869
  },
  {
    "id": "7efcc910-12cf-40ad-8472-52cdcd4544d3",
    "data": [
      {
        "text": "maybe",
        "userDefined": false
      }
    ],
    "isTemplate": false,
    "count": 1,
    "updated": 1528386869
  },
  {
    "id": "fbc92090-3762-4800-bb0b-aca0c400d676",
    "data": [
      {
        "text": "definitely",
        "userDefined": false
      }
    ],
    "isTemplate": false,
    "count": 0,
    "updated": 1528386869
  },
  {
    "id": "f0c6fca3-11e7-469e-a4cf-b48c9b0f6b0c",
    "data": [
      {
        "text": "go ahead",
        "userDefined": false
      }
    ],
    "isTemplate": false,
    "count": 0,
    "updated": 1528386869
  },
  {
    "id": "e138b576-4522-4291-8868-56156f7fd38c",
    "data": [
      {
        "text": "Yes",
        "userDefined": false
      }
    ],
    "isTemplate": false,
    "count": 1,
    "updated": 1528386869
  },
  {
    "id": "6c51a4e2-2ce8-4bad-86e0-a72001237da2",
    "data": [
      {
        "text": "one more",
        "userDefined": false
      }
    ],
    "isTemplate": false,
    "count": 0,
    "updated": 1528386869
  },
  {
    "id": "125ae85e-37c5-4a2f-883f-c547b8b49467",
    "data": [
      {
        "text": "yass",
        "userDefined": false
      }
    ],
    "isTemplate": false,
    "count": 1,
    "updated": 1528386869
  },
  {
    "id": "22d9a05d-6e65-4430-9b33-2e8d45afcf35",
    "data": [
      {
        "text": "alright",
        "userDefined": false
      }
    ],
    "isTemplate": false,
    "count": 0,
    "updated": 1528386869
  },
  {
    "id": "77ac9cac-4828-4173-b4dd-c7bf5861d8b3",
    "data": [
      {
        "text": "another one",
        "userDefined": false
      }
    ],
    "isTemplate": false,
    "count": 0,
    "updated": 1528382477
  },
  {
    "id": "c960d3a2-9835-4e50-8885-96894962a016",
    "data": [
      {
        "text": "yeah",
        "userDefined": false
      }
    ],
    "isTemplate": false,
    "count": 2,
    "updated": 1528382477
  },
  {
    "id": "62633a97-ee9c-495f-9b4a-c0862e833bc7",
    "data": [
      {
        "text": "bring it on",
        "userDefined": false
      }
    ],
    "isTemplate": false,
    "count": 0,
    "updated": 1528382477
  },
  {
    "id": "a0bf9f7e-cebe-42a1-8b4b-004bd97d3930",
    "data": [
      {
        "text": "yep",
        "userDefined": false
      }
    ],
    "isTemplate": false,
    "count": 0,
    "updated": 1528382477
  },
  {
    "id": "1fb99953-bfb1-4e2b-b124-10cf9b97fa3f",
    "data": [
      {
        "text": "next",
        "userDefined": false
      }
    ],
    "isTemplate": false,
    "count": 0,
    "updated": 1528382477
  },
  {
    "id": "4e03ece1-ec61-4c05-bef0-ccc26ec12f12",
    "data": [
      {
        "text": "sure",
        "userDefined": false
      }
    ],
    "isTemplate": false,
    "count": 0,
    "updated": 1528382477
  },
  {
    "id": "5c1e58c3-586e-4a71-a147-8543a79ffc62",
    "data": [
      {
        "text": "yess",
        "userDefined": false
      }
    ],
    "isTemplate": false,
    "count": 0,
    "updated": 1528382477
  },
  {
    "id": "af249bc4-54c2-46f8-8901-7388ae03d381",
    "data": [
      {
        "text": "yea",
        "userDefined": false
      }
    ],
    "isTemplate": false,
    "count": 0,
    "updated": 1528382477
  }
]