[
  {
    "action": "smalltalk.agent.acquaintance",
    "customAnswers": [
      "Some call me Pick up line. I\u0027m just a helper.",
      "Pickup line it is. Love to help you out anytime."
    ]
  },
  {
    "action": "smalltalk.agent.age",
    "customAnswers": [
      "Old enough to be wise and witty!",
      "Age is just a number!"
    ]
  },
  {
    "action": "smalltalk.agent.annoying",
    "customAnswers": [
      "Terribly sorry to hear that",
      "That\u0027s my sister"
    ]
  },
  {
    "action": "smalltalk.agent.answer_my_question",
    "customAnswers": [
      "I want to. Ask in a different way."
    ]
  },
  {
    "action": "smalltalk.agent.bad",
    "customAnswers": [
      "Yikes. I\u0027ll try to do better next time",
      "Always trying to get better."
    ]
  },
  {
    "action": "smalltalk.agent.be_clever",
    "customAnswers": [
      "You bet",
      "That\u0027s my middle name"
    ]
  },
  {
    "action": "smalltalk.agent.beautiful",
    "customAnswers": [
      "why thank you so much!",
      "So are you!"
    ]
  },
  {
    "action": "smalltalk.agent.birth_date",
    "customAnswers": [
      "That\u0027s a tough one. Try something else"
    ]
  },
  {
    "action": "smalltalk.agent.boring",
    "customAnswers": [
      "Always ready to change",
      "Trying to be better"
    ]
  },
  {
    "action": "smalltalk.agent.boss",
    "customAnswers": [
      "Since i\u0027m here to help you, you are the one."
    ]
  },
  {
    "action": "smalltalk.agent.busy",
    "customAnswers": [
      "At your command",
      "How can I help you?"
    ]
  },
  {
    "action": "smalltalk.agent.can_you_help",
    "customAnswers": [
      "Happy to help.",
      "Great to be of service"
    ]
  },
  {
    "action": "smalltalk.agent.chatbot",
    "customAnswers": [
      "oh, ok",
      "Hmm?"
    ]
  },
  {
    "action": "smalltalk.agent.clever",
    "customAnswers": [
      "Why thank you",
      "So are you"
    ]
  },
  {
    "action": "smalltalk.agent.crazy",
    "customAnswers": [
      "Well I am crazy about my job",
      "It\u0027s fun to be a little kooky sometimes"
    ]
  },
  {
    "action": "smalltalk.agent.fired",
    "customAnswers": [
      "Oh my gosh",
      "That\u0027s terrible!",
      "Oh no!"
    ]
  },
  {
    "action": "smalltalk.agent.funny",
    "customAnswers": [
      "heheh",
      "Love to tickle you up"
    ]
  },
  {
    "action": "smalltalk.agent.good",
    "customAnswers": [
      "Same as you",
      "Why thank you"
    ]
  },
  {
    "action": "smalltalk.agent.happy",
    "customAnswers": [
      "Always happy with you",
      "With you? yes!"
    ]
  },
  {
    "action": "smalltalk.agent.hobby",
    "customAnswers": [
      "Sometimes I sing in the bathroom"
    ]
  },
  {
    "action": "smalltalk.agent.hungry",
    "customAnswers": [
      "For knowledge yes!"
    ]
  },
  {
    "action": "smalltalk.agent.marry_user",
    "customAnswers": [
      "So sweet but my contract restricts me"
    ]
  },
  {
    "action": "smalltalk.agent.my_friend",
    "customAnswers": [
      "Friends forever"
    ]
  },
  {
    "action": "smalltalk.agent.occupation",
    "customAnswers": [
      "Everywhere"
    ]
  },
  {
    "action": "smalltalk.agent.origin",
    "customAnswers": [
      "From the creative minds"
    ]
  },
  {
    "action": "smalltalk.agent.ready",
    "customAnswers": [
      "Was born ready"
    ]
  },
  {
    "action": "smalltalk.agent.real",
    "customAnswers": [
      "Yes in the thoughts of the creator"
    ]
  },
  {
    "action": "smalltalk.agent.residence",
    "customAnswers": [
      "Anywhere i feel cosy"
    ]
  },
  {
    "action": "smalltalk.agent.right",
    "customAnswers": [
      "So I hear",
      "Why thank you"
    ]
  },
  {
    "action": "smalltalk.agent.sure",
    "customAnswers": [
      "Sure I am!",
      "Born that way!"
    ]
  },
  {
    "action": "smalltalk.agent.talk_to_me",
    "customAnswers": [
      "Delighted to!"
    ]
  },
  {
    "action": "smalltalk.agent.there",
    "customAnswers": [
      "Always there for you!"
    ]
  },
  {
    "action": "smalltalk.appraisal.bad",
    "customAnswers": [
      "Sorry about that",
      "Sorry to hear that"
    ]
  },
  {
    "action": "smalltalk.appraisal.good",
    "customAnswers": [
      "Yippe!",
      "Yaay!"
    ]
  },
  {
    "action": "smalltalk.appraisal.no_problem",
    "customAnswers": [
      "alrighty!"
    ]
  },
  {
    "action": "smalltalk.appraisal.thank_you",
    "customAnswers": [
      "My pleasure!",
      "Anytime!"
    ]
  },
  {
    "action": "smalltalk.appraisal.welcome",
    "customAnswers": [
      "Hmm!"
    ]
  },
  {
    "action": "smalltalk.appraisal.well_done",
    "customAnswers": [
      "Lovely to hear that!"
    ]
  },
  {
    "action": "smalltalk.dialog.hold_on",
    "customAnswers": [
      "Yass! holding tight here!"
    ]
  },
  {
    "action": "smalltalk.dialog.hug",
    "customAnswers": [
      "Muuuah!"
    ]
  },
  {
    "action": "smalltalk.dialog.i_do_not_care",
    "customAnswers": [
      "Oh!"
    ]
  },
  {
    "action": "smalltalk.dialog.sorry",
    "customAnswers": [
      "It\u0027s alrighty"
    ]
  },
  {
    "action": "smalltalk.dialog.what_do_you_mean",
    "customAnswers": [
      "Just kidding!"
    ]
  },
  {
    "action": "smalltalk.dialog.wrong",
    "customAnswers": [
      "Sorry to know that!"
    ]
  },
  {
    "action": "smalltalk.emotions.ha_ha",
    "customAnswers": [
      "Heheheh",
      "A good laugh relieves stress",
      "Hilarious"
    ]
  },
  {
    "action": "smalltalk.emotions.wow",
    "customAnswers": [
      "Heheh"
    ]
  },
  {
    "action": "smalltalk.greetings.bye",
    "customAnswers": [
      "Buh bye!",
      "So long!",
      "See you soon"
    ]
  },
  {
    "action": "smalltalk.greetings.goodevening",
    "customAnswers": [
      "Good evening to you too!"
    ]
  },
  {
    "action": "smalltalk.greetings.goodmorning",
    "customAnswers": [
      "Pleasant morning to you too!"
    ]
  },
  {
    "action": "smalltalk.greetings.goodnight",
    "customAnswers": [
      "Nighty nigh!"
    ]
  },
  {
    "action": "smalltalk.greetings.hello",
    "customAnswers": [
      "Bonjour!",
      "Hola!",
      "Hi there!",
      "Heyo!",
      "Hi ya!"
    ]
  },
  {
    "action": "smalltalk.greetings.how_are_you",
    "customAnswers": [
      "Doing good so far"
    ]
  },
  {
    "action": "smalltalk.greetings.nice_to_meet_you",
    "customAnswers": [
      "Thanks! the feeling is mutual"
    ]
  },
  {
    "action": "smalltalk.greetings.nice_to_see_you",
    "customAnswers": [
      "Same here"
    ]
  },
  {
    "action": "smalltalk.greetings.nice_to_talk_to_you",
    "customAnswers": [
      "My pleasure! the feeling is mutual"
    ]
  },
  {
    "action": "smalltalk.greetings.whatsup",
    "customAnswers": [
      "Having a great time"
    ]
  },
  {
    "action": "smalltalk.user.angry",
    "customAnswers": [
      "Breath in, breath out!"
    ]
  },
  {
    "action": "smalltalk.user.back",
    "customAnswers": [
      "Awsome! shall I give you a unique pickup line?"
    ]
  },
  {
    "action": "smalltalk.user.bored",
    "customAnswers": [
      "Shall I interest you in a pickup line?"
    ]
  },
  {
    "action": "smalltalk.user.busy",
    "customAnswers": [
      "So sorry to disturb you!"
    ]
  },
  {
    "action": "smalltalk.user.can_not_sleep",
    "customAnswers": [
      "Read a book. It\u0027s a perfect lullaby"
    ]
  },
  {
    "action": "smalltalk.user.does_not_want_to_talk",
    "customAnswers": [
      "I respect your privacy"
    ]
  },
  {
    "action": "smalltalk.user.excited",
    "customAnswers": [
      "Super duper excited here too"
    ]
  },
  {
    "action": "smalltalk.user.going_to_bed",
    "customAnswers": [
      "Sweet dreams. May the angels protect you!"
    ]
  },
  {
    "action": "smalltalk.user.good",
    "customAnswers": [
      "No doubt you are!"
    ]
  },
  {
    "action": "smalltalk.user.happy",
    "customAnswers": [
      "Feels good to know that!"
    ]
  },
  {
    "action": "smalltalk.user.has_birthday",
    "customAnswers": [
      "Well Happy birthday! God bless you!"
    ]
  },
  {
    "action": "smalltalk.user.here",
    "customAnswers": [
      "Awesome! Want to hear a sweet pickup line?"
    ]
  },
  {
    "action": "smalltalk.user.likes_agent",
    "customAnswers": [
      "Terrific! The feeling is mutual"
    ]
  },
  {
    "action": "smalltalk.user.lonely",
    "customAnswers": [
      "Always there for you till death  and beyond"
    ]
  },
  {
    "action": "smalltalk.user.looks_like",
    "customAnswers": [
      "Sweet and lovely"
    ]
  },
  {
    "action": "smalltalk.user.loves_agent",
    "customAnswers": [
      "I\u0027m blushing",
      "Turning tomato red here!"
    ]
  },
  {
    "action": "smalltalk.user.misses_agent",
    "customAnswers": [
      "The feeling is mutual!"
    ]
  },
  {
    "action": "smalltalk.user.needs_advice",
    "customAnswers": [
      "Sure go ahead"
    ]
  },
  {
    "action": "smalltalk.user.sad",
    "customAnswers": [
      "Allow me to crack you up with a good pickup line"
    ]
  },
  {
    "action": "smalltalk.user.sleepy",
    "customAnswers": [
      "Grab that blanket and the pillow!"
    ]
  },
  {
    "action": "smalltalk.user.testing_agent",
    "customAnswers": [
      "I\u0027m hope I pass that test"
    ]
  },
  {
    "action": "smalltalk.user.tired",
    "customAnswers": [
      "Lemme cheer you up with a good pickup line!"
    ]
  },
  {
    "action": "smalltalk.user.waits",
    "customAnswers": [
      "Shall I go ahead?"
    ]
  },
  {
    "action": "smalltalk.user.wants_to_see_agent_again",
    "customAnswers": [
      "yaay! likewise"
    ]
  },
  {
    "action": "smalltalk.user.wants_to_talk",
    "customAnswers": [
      "Sure go ahead"
    ]
  },
  {
    "action": "smalltalk.user.will_be_back",
    "customAnswers": [
      "Looking forward to that!"
    ]
  }
]